<?xml version="1.0" encoding="UTF-8"?>

<index-configuration>
	<Geometry>
		<URI>http://rdf.opensahara.com/type/geo/wkt</URI>	
		<URI>http://rdf.opensahara.com/type/geo/wkt</URI>
	</Geometry>
	
	<indexer name="spatial_temporal_index">
		<setting-class>edu.ncsa.sstde.indexing.postgis.PostgisIndexerSettings
		</setting-class>
		<indexGraph-setting>
			<pattern>
			<![CDATA[?observation <http://purl.oclc.org/NET/ssnx/ssn#observationResultTime> ?time. ?time  <http://www.w3.org/2006/time#inXSDDateTime> ?timevalue. ?loc <http://www.opengis.net/rdf#hasWKT> ?coord. ?sensor <http://www.loa-cnr.it/ontologies/DUL.owl#hasLocation> ?loc. ?observation <http://purl.oclc.org/NET/ssnx/ssn#observedBy> ?sensor. ]]>
			</pattern>

			<literal var="coord" type="http://rdf.opensahara.com/type/geo/wkt"></literal>
			<literal var="timevalue" type="http://www.w3.org/2001/XMLSchema#dateTime"></literal>
		</indexGraph-setting>
		<init>
			<property name="username" value="sa"></property>
			<property name="password" value="saa"></property>
			<property name="url" value="jdbc:postgresql://localhost:5432/useekm2"></property>
			<property name="provider" value="org.postgresql.Driver"></property>
		</init>
	</indexer>

	<indexer name="spatial_index">
		<setting-class>edu.ncsa.sstde.indexing.postgis.PostgisIndexerSettings
		</setting-class>
		<indexGraph-setting>
			<pattern>
			<![CDATA[?geometry <http://www.opengis.net/rdf#hasWKT> ?wkt ]]>
			</pattern>
			<literal var="wkt" type="http://rdf.opensahara.com/type/geo/wkt"></literal>
		</indexGraph-setting>
		<init>
			<property name="username" value="sa"></property>
			<property name="password" value="saa"></property>
			<property name="url" value="jdbc:postgresql://localhost:5432/useekm2"></property>
		</init>
	</indexer>

	<indexer name="temporal_index">
		<setting-class>edu.ncsa.sstde.indexing.postgis.PostgisIndexerSettings
		</setting-class>
		<indexGraph-setting>
			<pattern>
			<![CDATA[?time <http://www.w3.org/2006/time#inXSDDateTime> ?timevalue. ]]>
			</pattern>
			<literal var="timevalue" type="http://www.w3.org/2001/XMLSchema#dateTime"></literal>
		</indexGraph-setting>
		<init>
			<property name="username" value="sa"></property>
			<property name="password" value="saa"></property>
			<property name="url" value="jdbc:postgresql://localhost:5432/useekm2"></property>
		</init>
	</indexer>
	
	<indexer name="spatial_type_index">
		<setting-class>edu.ncsa.sstde.indexing.postgis.PostgisIndexerSettings
		</setting-class>
		<indexGraph-setting>
			<prefix name="rdf" value="http://www.w3.org/1999/02/22-rdf-syntax-ns#"></prefix>
			<pattern>
			<![CDATA[?subject <http://www.w3.org/1999/02/22-rdf-syntax-ns#type> ?type. ?subject <http://www.loa-cnr.it/ontologies/DUL.owl#hasLocation> ?geo. ?geo <http://www.opengis.net/rdf#hasWKT> ?coord. ]]>
			</pattern>
			<literal var="coord" type="http://rdf.opensahara.com/type/geo/wkt"></literal>
		</indexGraph-setting>
		<init>
			<property name="username" value="sa"></property>
			<property name="password" value="saa"></property>
			<property name="url" value="jdbc:postgresql://localhost:5432/useekm2"></property>
		</init>
	</indexer>
	
	
	<indexer name="spatial_type_index2">
		<setting-class>edu.ncsa.sstde.indexing.postgis.PostgisIndexerSettings
		</setting-class>
		<indexGraph-setting>
			<prefix name="rdf" value="http://www.w3.org/1999/02/22-rdf-syntax-ns#"></prefix>
			<pattern>
			<![CDATA[?subject <http://www.w3.org/1999/02/22-rdf-syntax-ns#type> ?type. ?subject <http://sweet.jpl.nasa.gov/2.2/reprSpaceGeometry.owl#hasGeometricalObject> ?geo. ?geo <http://www.opengis.net/rdf#hasWKT> ?coord. ]]>
			</pattern>
			<literal var="coord" type="http://rdf.opensahara.com/type/geo/wkt"></literal>
		</indexGraph-setting>
		<init>
			<property name="username" value="sa"></property>
			<property name="password" value="saa"></property>
			<property name="url" value="jdbc:postgresql://localhost:5432/useekm2"></property>
		</init>
	</indexer>
</index-configuration>